session_id,Location,Sample,TooFast,ChristJewBIATGood,ChristJewBIATBad,ChristJewExp,ChristianNeg,ChristianPos,JewishNeg,JewishPos,ChristianCultWarmth,JewishCultWarmth,ChristJewCultPref,Age,Gender,Religion,Religiosity,PrefJewPos,PrefJewNeg,CultWarmthDifference
648020,IS,BGU,0,1.2228082821573,1.11515342481995,3,2,2,1,5,4,7,2,33,m,1,3,3,1,3
648021,IS,BGU,0,-.395062006843257,.649306565788458,0,1,3,2,3,3,7,3,26,f,1,1,0,-1,4
648022,IS,BGU,.015625,.772927306026585,.869418690458041,1,3,5,2,5,3,3,2,24,f,1,2,0,1,0
648023,IS,BGU,0,-.324402678146859,.844144415812943,0,1,5,1,5,7,7,0,24,f,1,2,0,0,0
648024,IS,BGU,0,.206895317812746,.398800511100389,0,1,3,3,3,4,5,1,29,m,1,1,0,-2,1
648027,IS,BGU,.0078125,.525996367483098,.566114275907481,1,2,4,2,4,2,7,3,27,f,1,1,0,0,5
648087,IS,BGU,0,.599052942436207,-.622846749191491,1,2,5,2,5,7,7,0,25,f,1,1,0,0,0
648091,IS,BGU,0,.798068721531676,.725740595906289,3,1,4,1,5,4,3,3,25,f,1,1,1,0,-1
648092,IS,BGU,0,.794181200282416,.829470395905347,0,1,5,3,3,4,6,1,24,m,1,1,-2,-2,2
648095,IS,BGU,0,.221111848881975,.326621233581425,0,4,2,2,3,4,7,3,26,m,4,1,1,2,3
648107,IS,BGU,.140625,.711033537341826,.816003323142855,1,1,4,2,4,7,7,3,26,f,1,1,0,-1,0
648108,IS,BGU,0,.91426280124722,.151338078031673,3,1,4,1,5,4,7,3,24,f,1,1,1,0,3
648124,IS,BGU,.0078125,.0599679307596462,.583201601490782,1,1,4,1,5,2,7,1,27,f,1,3,1,0,5
648125,IS,BGU,0,.424422313799868,.549489242418319,0,2,2,3,2,4,5,0,26,m,1,1,0,-1,1
648130,IS,BGU,.0234375,.767293466898208,.502517571979674,2,3,2,1,4,4,7,3,23,f,1,3,2,2,3
648131,IS,BGU,.0078125,.6800849491689,.267794752284712,0,2,2,2,2,4,7,3,23,f,1,1,0,0,3
648133,IS,BGU,.0078125,.930658943765528,.699469232044122,3,1,4,1,5,5,3,2,24,m,1,2,1,0,-2
648514,IS,BGU,.03125,.147244887987806,.236047120307599,0,1,3,3,2,4,7,3,25,f,1,1,-1,-2,3
7145770,US,PI, , , ,2,3,2,2,2,2,7,3,21,m,5,1,0,1,5
7147365,US,PI, , , ,1,3,3,2,3,5,7,0,19,m,4,1,0,1,2
7149475,IS,BGU,.0078125,.591856885230452,.720708028877011,0,4,4,2,4,6,6,2,27,m,1,1,0,2,0
7149478,IS,BGU,.0078125,.187224636337006,.626438109130322,1,2,3,2,3,4,6,2,26,m,1,1,0,0,2
7149504,IS,BGU,0,.644391727410412,.241600817255426,0,1,3,1,4,4,7,2,26,m,1,1,1,0,3
7149513,IS,BGU,0,-.13335933377828,.270115141050427,2,1,4,1,4,7,7,1,25,m,1,1,0,0,0
7151165,IS,BGU,0,.802549796566238,.622279760040131,2,1,3,2,5,4,7,3,25,m,1,3,2,-1,3
7151199,IS,BGU,0,.746330253156649,.287875252234187,0,1,3,1,4,4,7,0,27,f,1,1,1,0,3
7151202,IS,BGU,0,.688388328816937,.619577088557012,2,1,2,1,5,4,7,3,24,f,1,1,3,0,3
7151229,IS,BGU,0,.477352081215073,.751640124429763,0,1,4,1,5,4,7,1,25,f,1,3,1,0,3
7151241,IS,BGU,0,-.110076514048235,.377520275231399,0,3,3,2,4,5,5,3,25,m,1,1,1,1,0
7151385,IS,BGU,.0078125,.34775393592969,.0940174505632722,0,1,4,2,3,3,7,3,26,f,1,1,-1,-1,4
7151388,IS,BGU,0,.792931624150194,1.17659204721174,3,1,4,1,4,4,7,3,28,f,1,2,0,0,3
7151430,IS,BGU,0,.787737187242095,.560294511113827,1,2,3,2,4,4,7,2,24,f,1,2,1,0,3
7151434,IS,BGU,0,.267821102295163,.518604819717417,0,2,3,2,3,3,7,3,30,m,1,1,0,0,4
7151505,IS,BGU,0,.361281751672579,.253047234529243,0,3,2,3,3,4,7,1,23,m,1,2,1,0,3
7151539,IS,BGU,.0234375,.841766934196952,.885904477577336,3,1,2,2,4,4,6,3,24,f,1,3,2,-1,2
7151622,IS,BGU,.0859375,.424389821195732,-.190748746203594,3,1,5,1,5,4,7,3,25,m,1,1,0,0,3
7151726,IS,BGU,.015625,.582490779260998,.371245132014984,0,1,4,5,5,2,7,3,23,f,1,1,1,-4,5
7152294,US,PI, , , ,0,1,1,1,2,4,4,-2,24,m,5,3,1,0,0
7152597,US,PI, , , ,1,3,3,1,3,4,5,1,19,f,4,3,0,2,1
7153550,IS,BGU,0,.759776805641437,.706129215739882,0,2,4,2,4,3,7,2,23,f,1,1,0,0,4
7153555,IS,BGU,0,.64373229568051,.0139956478532726,2,3,3,2,5,4,6,2,25,m,1,1,2,1,2
7153572,IS,BGU,0,.486214185192575,.281262472695233,3,2,1,2,5,4,7,3,23,f,1,3,4,0,3
7153587,IS,BGU,0,.0656762125793174,.547187969671811,0,1,1,1,4,4,6,3,23,f,1,1,3,0,2
7153630,IS,BGU,.0234375,1.17374657060168,.521137881355463,0,1,3,1,3,1,4,0,25,m,1,1,0,0,3
7153653,IS,BGU,0,.072613782905342,.143160070122892,2,1,3,1,4,4,6,2,23,f,1,1,1,0,2
7153685,IS,BGU,.015625,.465254195711214,.648205725018493,2,1,3,1,4,2,7,3,23,f,1,2,1,0,5
7153688,IS,BGU,0,.69463042886689,.403285379079955,1,1,4,1,4,6,7,2,24,f,1,1,0,0,1
7153722,IS,BGU,.0078125,.600644880403464,-.0198291639824189,3,1,2,2,4,6,7,2,26,m,1,1,2,-1,1
7153727,IS,BGU,0,.328809166036758,.72483839742918,1,1,5,1,5,6,7,1,24,f,1,1,0,0,1
7153746,IS,BGU,0,.456665186760683,.914616823785993,0,3,1,3,1,2,6,3,27,m,4,1,0,0,4
7153969,IS,BGU,.46875,.535929100626791,.275566805463305,0,3,3,3,3,4,4,0,21,f,2,4,0,0,0
7153987,IS,BGU,0,-.294687423902516,.107214792103926,0,3,2,3,3,5,5,0,20,f,2,4,1,0,0
7154071,IS,BGU,0,.649308278991318,.710876087505604,0,1,5,1,5,5,7,2,27,m,1,2,0,0,2
7154138,IS,BGU,0,.696050507487157,.650467789717328,0,1,5,2,3,3,7,3,23,f,1,1,-2,-1,4
7155111,US,PI, , , ,0,2,3,1,5,4,4,0,19,m,1,2,2,1,0
7155992,IS,BGU,.0078125,.658093777964634,.548246084795118,2,2,3,1,4,5,7,3,24,f,1,1,1,1,2
7155994,IS,BGU,0,.340823629681227,.501791549272958,3,1,2,1,4,4,6,3,28,f,1,1,2,0,2
7156129,IS,BGU,0,.0825205011748927,.0350541960980649,0,1,4,1,4,4,2,3,25,f,1,1,0,0,-2
7156131,IS,BGU,.0078125,.675978528858489,.658780415235414,0,1,4,2,4,6,6,1,24,f,1,1,0,-1,0
7156204,IS,BGU,.0234375,1.00556735143118,.881099452425229,3,2,2,1,5,4,7,3,24,f,1,3,3,1,3
7156229,IS,BGU,0,.122054180777399,.226458928553189,0,1,4,1,5,6,7,1,24,f,1,1,1,0,1
7156651,US,PI, , , ,1,1,3,1,5,6,7,1,19,f,4,2,2,0,1
7159242,US,PI, , , ,0,2,2,1,4,4,3,-3,21,f,1,1,2,1,-1
7159758,US,PI, , , ,2,1,4,1,5,4,7,3,19,f,2,2,1,0,3
7160431,US,PI, , , ,1,1,4,2,5,7,7,0,22,f,1,3,1,-1,0
7164552,US,PI, , , , , , , , , , , ,21,f,26, , , , 
7164613,US,PI, , , ,0,1,4,1,4,7,7,0,19,f,5,1,0,0,0
7165162,US,PI, , , ,3,1,2,3,4,6,7,3,23,f,2,3,2,-2,1
7165297,US,PI, , , ,1,1,2,2,2,4,4,1,20,m,4,2,0,-1,0
7165348,US,PI, , , ,0,1,3,1,4,5,5,-2,20,f,4,2,1,0,0
7170487,US,PI, , , , ,5,1,1,5, ,7,1,21,f,4,2,4,4, 
7171229,US,PI, , , ,2,1,4,1,5,4,7,3,19,f,6,2,1,0,3
7173623,US,PI, , , ,0,1,5,1,5,7,6,-3,20,.,1,2,0,0,-1
7176860,US,PI, , , ,0,1,4,1,5,7,4,-1,23,m,4,3,1,0,-3
7179381,US,PI, , , ,0,1,4,1,5,7,7,1,20,f,4,1,1,0,0
7179709,US,PI, , , ,1,1, , ,5,7,2,3,18,m,4,2, , ,-5
7180284,US,PI, , , ,3,3,3,1,5,7,6,-1,19,f,4,3,2,2,-1
7180326,US,PI, , , ,0,1,1,1,1,5,4,0,21,m,4,1,0,0,-1
7180804,US,PI, , , ,-1,2,1,2,2,3,5,-1,27,f,74,4,1,0,2
7180937,IS,BGU,.015625,.0922967632138345,.199502472991654,0,1,1,1,2,6,7,3,24,m,1,1,1,0,1
7180952,IS,BGU,0,.584200907605208,.163268177209979,1,1,5,1,5,6,7,3,25,m,1,1,0,0,1
7180977,IS,BGU,0,.523717418823586,.729301715952143,3,3,3,2,4,4,4,2,20,m,1,1,1,1,0
7180980,IS,BGU,0,.0877471494431981,.57352409100786,0,2,3,3,2,6,6,-2,23,f,1,1,-1,-1,0
7181031,IS,BGU,0,.341554101067582,.471192218607913,1,3,2,3,4,4,7,3,24,m,1,1,2,0,3
7181564,IS,BGU,0,.409807267236994,.929154843414927,1,2,4,1,4,6,7,2,24,f,1,1,0,1,1
7182674,US,PI, , , ,3,4,3,2,5,6,2,-1,19,f,4,2,2,2,-4
7183620,US,PI, , , ,1,4,4,1,5,6,6,2,18,f,4,3,1,3,0
7184095,US,PI, , , ,1,2,3,1,5,4,3,-2,21,f,5,2,2,1,-1
7184102,IS,BGU,.0078125,-.0413434041451257,.699976676990588,0,2,4,2,4,4,5,2,24,f,1,1,0,0,1
7184814,US,PI, , , ,1,2,1,2,4,4,7,2,20,m,2,2,3,0,3
7184815,US,PI, , , ,-1,1,5,2,4,6,7,-3,20,f,13,2,-1,-1,1
7185566,US,PI, , , ,0,1,3,1,3,6,5,0,20,m,4,2,0,0,-1
7186540,US,PI, , , ,2,2,4,1,5,3,7,3,19,m,4,2,1,1,4
7186842,IS,BGU,.046875,.386617156276553,.0542587492776086,0,1,5,1,5,7,4,0,23,f,1,1,0,0,-3
7186852,IS,BGU,.015625,.624043973528717,.226838784927004,0,1,5,1,5,3,3,1,24,m,1,1,0,0,0
7186914,IS,BGU,0,.96623147865316,.70260136625067,1,1,5,1,5,3,6,2,23,f,1,2,0,0,3
7187007,IS,BGU,0,.0584421298058855,.48973605679398,0,2,2,3,3,6,7,0,26,m,4,1,1,-1,1
7188582,US,PI, , , ,2,3,3,3,4,2,2,2,19,m,5,2,1,0,0
7190388,US,PI, , , ,0,1,1,1,1,4,4,0,23,f,4,2,0,0,0
7191475,IS,BGU,0,.0950407361377327,.438156466460579,0,1,5,1,5,5,7,1,26,m,1,1,0,0,2
7191525,IS,BGU,.015625,1.07855560757026,.651976705810514,2,2,2,1,4,3,7,3,26,f,1,3,2,1,4
7191559,IS,BGU,0,-.0901700340549366,.519973545902175,0,2,2,3,2,4,5,1,26,m,4,1,0,-1,1
7191577,IS,BGU,.015625,.793661301248535,.99502911474764,1,2,2,2,4,5,6,3,24,m,1,3,2,0,1
7192944,US,PI, , , ,1,1,4,1,5,4,7,2,21,m,4,3,1,0,3
7192986,IS,BGU,0,.272201905024466,-.0572124484179885,0,1,2,2,3,4,6,1,25,m,1,1,1,-1,2
7193040,IS,BGU,.0703125,.826710245527942,.492961234554622,3,2,2,1,5,4,6,2,22,f,1,4,3,1,2
7193047,IS,BGU,0,1.0666128784481,1.1220949955904,2,2,3,3,5,4,7,2,23,f,1,2,2,-1,3
7193179,IS,BGU,.015625,.0328835842389598,-.705801616795361,0,1,5,1,5,7,5,0,24,m,1,1,0,0,-2
7193183,IS,BGU,0,.17050445335985,.294057722242838,0,1,4,1,4,4,6,1,25,f,1,1,0,0,2
7193217,IS,BGU,.0078125,.8505068992226,.833565239830048,2,2,2,2,5,4,7,3,25,m,1,3,3,0,3
7193220,IS,BGU,0,1.00172521311859,.850892852548466,3,2,4,2,5,5,7,3,26,m,1,1,1,0,2
7193287,IS,BGU,.0078125,.94156002048103,.237349555264527,2,2,4,1,5,4,7,3,23,f,1,2,1,1,3
7193317,IS,BGU,0,.966643159993195,.702823197683061,0,2,3,2,3,4,6,1,26,m,1,1,0,0,2
7193400,IS,BGU,0,.839763515558232,.381843224152604,3,1,1,1,5,4,7,3,19,f,1,1,4,0,3
7193431,IS,BGU,0,-.48243925013329,.214373060711397,1,2,2,1,2,4,6,1,22,f,4,1,0,1,2
7193484,IS,BGU,.1015625,.354096672324273,-.619874984945629,0,2,5,1,5,4,7,0,24,m,1,1,0,1,3
7193520,IS,BGU,0,1.03572095280458,.915632471774024,0,1,5,1,5,7,7,0,25,f,1,1,0,0,0
7193662,IS,BGU,0,.488478073152789,-.101675815151531,2,5,2,2,4,4,7,2,22,f,1,3,2,3,3
7193687,IS,BGU,.0234375,.913724351229874,.234350946595051,3,2,4,1,4,6,7,3,23,f,1,1,0,1,1
7193779,IS,BGU,.0078125,1.08316866487638,.744725428704691,0,1,1,2,4,4,6,1,24,m,1,2,3,-1,2
7195304,IS,BGU,0,.593782868239806,.409616088506288,0,1,2,2,2,5,7,3,25,m,1,1,0,-1,2
7195337,IS,BGU,.015625,.639575230294836,.210066533865825,3,1,2,1,5,4,7,3,26,m,1,2,3,0,3
7195351,IS,BGU,0,.319080943311146,.340743571710327,0,1,4,1,4,4,6,0,24,m,1,4,0,0,2
7195382,IS,BGU,.0234375,.781537587618519,.308747431389721,3,2,2,1,5,4,7,3,21,f,1,3,3,1,3
7195404,IS,BGU,0,1.17291217174512,.427893158727511,3,2,2,2,5,4,7,2,26,m,1,1,3,0,3
7195414,IS,BGU,.015625,.719334283404674,.683072889648879,3,5,2,1,5,4,4,3,22,f,1,4,3,4,0
7195431,IS,BGU,.0703125,.0332470176371116,.696708803254559,0,1,3,1,3,4,4,0,24,m,1,1,0,0,0
7197094,US,PI, , , ,1,1,4,1,5,7,7,2,21,m,4,2,1,0,0
7202434,US,PI, , , , ,2,4,2,4, , , ,24,f, , ,0,0, 
7207481,US,PI, , , ,1,2,4,2,5,5,4,1,25,f,1,2,1,0,-1
7212851,US,PI, , , ,0,3,3,1,5,4,6,2,20,f,4,2,2,2,2
7216783,US,PI, , , ,0,2,5,2,5,6,3,0,26,f,4,2,0,0,-3
7220406,US,PI, , , ,0,1,2,1,3,4,5,1,20,f,4,2,1,0,1
7224473,US,PI, , , ,2,1,4,1,5,1,7,3,22,f,1,2,1,0,6
7224621,US,PI, , , ,1,2,3,3,2,3,5,0,21,m,19,4,-1,-1,2
7226639,US,PI,0,.949897371782311,.326201717008024,0,2,2,2,3,6,3,-2,23,m,5,1,1,0,-3
7235943,US,PI, , , ,2,2,1,1,2,6,2,-3,21,f,5,1,1,1,-4
7236250,US,PI,0,.447666581904838,.568046767066784,3,1,1,3,2,6,3,-1,20,f,1,2,1,-2,-3
7243150,US,PI,0,.14491670176234,-.210548436455336,0,3,4,1,4,6,5,-2,25,f,4,2,0,2,-1
7249824,US,PI,.0390625,1.12928242120236,-.14566060821479,-1,3,2,1,4,5,5,2,20,m,67,1,2,2,0
7251209,US,PI,0,.524329780175882,.620603933222134,0,2,3,1,3,6,3,-2,25,f,4,2,0,1,-3
7251251,US,PI,0,.226024119712846,-.0223914736123599,0,2,4,2,3,6,3,-1,19,m,5,2,-1,0,-3
7252858,US,PI,0,.0538485725916835,.7489821217316,0,2,4,1,5,6,3,-2,26,f,4,1,1,1,-3
7254563,US,PI,0,1.06479698318355,.753163194891036,-3,2,2,1,5,7,3,2,20,f,19,3,3,1,-4
7257606,US,PI,0,1.06235198422399,1.07296044371909, ,1, ,1,4,4, ,-3,25,f, , , ,0, 
7262824,US,PI,0,.201937304243834,-.296295049621128,0,3,3,2,3,7,3,-3,24,f,4,1,0,1,-4
7263329,US,PI,0,.510598987023393,.569345079403995,2,4,2,2,4,6,2,-3,21,m,5,1,2,2,-4
7274936,US,PI,0,.499236925610667,.9285833059431,3,3,4,1,5,7,7,-1,23,m,5,2,1,2,0
7280824,US,PI,0,-.259797314994459,.239517086321907,0,3,3,2,4,7,3,2,24,f,73,3,1,1,-4
7282893,US,PI,0,.103252231972454,-.206848024327682,0,1,5,1,5,7,3,-3,25,f,1,1,0,0,-4
7293755,US,PI,0,1.09372449436013,.982609268356901,2,3,2,2,4,7,5,-2,24,f,5,1,2,1,-2
7295775,US,PI,0,.627963182718141,-.174034709679747,1,2,4,1,5,4,3,-3,22,m,1,3,1,1,-1
7296559,US,PI,0,-.415190370872497,-.475525759578846,2,3,2,1,4,6,2,-3,19,m,5,1,2,2,-4
7299152,US,PI,.03125,.713746850889212,.764161474767368,2,4,2,1,5,6,2,-3,25,f,5,2,3,3,-4
7300937,US,PI,0,.605944902671497,-.174137417209247,0,1,3,1,3,6,4,-1,22,m,4,2,0,0,-2
7304097,US,PI,0,.274171885444965,.377592395243768,2,3,3,3,3,7,5,-1,18,f,4,2,0,0,-2
7308761,US,PI,0,.43930900059565,.96381327976317,0,1,4,1,4,4,3,0,24,f,4,1,0,0,-1
7309850,US,PI,.0078125,.852355190233767, ,2,2,3,3,4,7,2,-3,25,f,5,1,1,-1,-5
7311974,US,PI,0,-.117348288864409,-.779726001338451,1,2,2,1,4,6,3,-2,26,f,4,2,2,1,-3
7312907,US,PI,0,.450940419038416,-.0570646735421511,1,3,3,3,3,5,4,-1,20,m,5,1,0,0,-1
7316864,US,PI,0,.662535499462509,.00962161401932113,1,2,1,1,5,7,1,-3,27,f,1,3,4,1,-6
7318508,US,PI,0,.363514120467156,.445010950827155,0,2,4,2,4,7,2,-3,24,f,4,1,0,0,-5
7320645,US,PI,0,.475514920847377,-.0896690643170695,2,4,2,2,4,5,2,-2,18,f,1,2,2,2,-3
7327757,US,PI,.75, , ,0,3,2,2,4,2,3,-3,22,m,4,1,2,1,1
7337665,US,PI,.6171875,-.512099604492087, ,1,2,2,3,3,7,7,2,24,m,5,2,1,-1,0
7339163,US,PI,0,.673854878465474,.510597232552943,2,3,2,1,4,7,3,-3,23,f,4,2,2,2,-4
7344898,US,PI,0,.61968212150531,.00692942149494824,3,2,3,1,4,7,3,-3,23,f,4,1,1,1,-4
7352334,US,PI, , , ,0,1,5,1,5,7,5,-3,26,m,4,3,0,0,-2
7358478,US,PI, , , ,1,1,1,1,2,6,3,-2,24,m,1,1,1,0,-3
7367487,US,PI,.0078125,.442385402870413,-.126489205854471,-1,3,2,1,4,7,2,3,27,f,75,4,2,2,-5
7368049,US,PI, , , ,2,2,3,2,4,3,2,-2,22,f,5,2,1,0,-1
7372546,US,PI,0,-.55660199909102,-.65429507341201,0,1,4,1,5,6,7,1,22,f,41,3,1,0,1
7372956,US,PI,0,.161018472946784,.0181840095142165,0,1,4,1,5,7,6,-1,23,f,4,1,1,0,-1
7374791,US,PI,0,.431109979428804,-.0466193638387242,0,1,5,1,5,7,5,-2,26,f,4,1,0,0,-2
7375514,US,PI,.015625,.741643416168512,.671612553799727,0,1,3,1,5,5,4,-2,27,f,1,2,2,0,-1
7381600,US,PI, , , ,0,2,2,2,2,6,3,-2,19,m,1,3,0,0,-3
7381682,US,PI, , , ,0,1,3,1,5,7,6,-2,27,f,5,1,2,0,-1
7381816,US,PI,0,.0610223710437711,.0617096660895054,1,1,3,1,5,7,6,-2,26,m,4,1,2,0,-1
7382610,US,PI, , ,-.428030238528749,0,2,3,2,2,6,3,-2,24,m,5,1,-1,0,-3
7389311,US,PI,0,.800250142878704,.69334551908988,3,2,3,1,5,7,3,-2,24,f,1,3,2,1,-4
7390775,US,PI,0, ,-.303733916212531,3,1,4,1,5,7,2,-3,20,f,4,3,1,0,-5
7391451,US,PI,0,-.0340596768561509,.638938268800024,2,1,5,1,5,6,2,-3,22,f,4,2,0,0,-4
7392549,US,PI,0,-.149403105850105,.161213193319035,0,2,3,1,3,6,4,-1,25,m,5,1,0,1,-2
7395375,US,PI,0,.658971216730137,.725558036421055,0,1,3,2,4,3,3,-3,22,m,4,2,1,-1,0
7396031,US,PI, , , ,2,1,3,1,5,6,2,-2,18,m,4,2,2,0,-4
7396084,US,PI,0,.312286277915399,-.0153768987707206,0,1,5,1,5,7,6,-1,20,m,4,1,0,0,-1
7402038,US,PI,.0078125,.596909650594927,.145509947936517,0,2,3,1,2,6,4,-2,24,f,4,2,-1,1,-2
7402252,US,PI, ,.685815357642123, , , , , , , , , ,23,f, , , , , 
7402653,US,PI,0,-.0725538581505979,.076546216525585,0,2,2,2,4,4,7,-1,22,f,4,2,2,0,3
7402839,US,PI,.0078125,.658882699967889,.52981882851608,2,2,3,1,4,7,3,-2,27,m,4,2,1,1,-4
7403825,US,PI,0,.445708973218201,.338172756339583,-2,2,2,1,5,6,3,2,19,m,1,3,3,1,-3
7403825,US,UVA,0,.445708973218201,.338172756339583,2,2,2,1,5,6,3,-2,19,m,1,3,3,1,-3
7403837,US,UVA,0,.235171445275733,-.292426111392284,0,1,5,1,5,7,5,-1,21,f,4,4,0,0,-2
7403843,US,PI,.0078125,.514044302911803,.255729814076708,-1,1,3,1,5,5,4,1,21,f,1,3,2,0,-1
7403843,US,UVA,.0078125,.514044302911803,.255729814076708,1,1,3,1,5,5,4,-1,21,f,1,3,2,0,-1
7403852,US,UVA,0,.885448174900974,.694047007326531,0,1,4,1,4,7,6,-3,25,f,4,2,0,0,-1
7403919,US,UVA,0,-.238626364876249,.451458090584564,1,2,4,2,4,3,3,-1,18,m,4,2,0,0,0
7403936,US,UVA,0,-.131002727030615,-.0246308957170617,1,1,3,1,4,5,4,0,22,m,4,2,1,0,-1
7403944,US,PI,0,1.12566823219326,-.0610667163570678,-2,2,3,1,4,7,3,2,18,m,1,2,1,1,-4
7403944,US,UVA,0,1.12566823219326,-.0610667163570678,2,2,3,1,4,7,3,-2,18,m,1,2,1,1,-4
7403992,US,UVA,0,.350677996880185,-.074085894570815,0,1,4,1,4,6,4,-2,23,f,6,3,0,0,-2
7404200,US,UVA,0,.227773286628832,-.0767131331067685,1,2,3,1,4,6,2,-1,23,f,6,2,1,1,-4
7404214,US,UVA,0,.217192350118154,.821182550631284,0,1,4,1,5,6,4,-2,25,f,4,2,1,0,-2
7404352,US,UVA,0,-.126173509079599,-.339511084623476,0,2,3,2,4,5,3,-1,20,f,5,1,1,0,-2
7404389,US,UVA,0,.180362511361748,.643220411903447,0,1,5,1,5,7,6,-2,19,m,4,3,0,0,-1
7404441,US,UVA,0,.290721546893959,-.125425476565556,3,1,4,1,5,5,3,-1,19,f,3,3,1,0,-2
7404493,US,PI,0,.54219040729231,-.185555905149961,0,2,3,2,3,6,2,-3,19,m,4,2,0,0,-4
7404577,US,UVA,0,.694161260510568,.302541011978787,2,5,4,4,4,6,3,-2,18,m,4,3,0,1,-3
7404731,US,PI,.8828125,-.295809046132417,.165773443655131,1,3,3,3,3,4,4,1,21,m,10,4,0,0,0
7404802,US,UVA,0,.0965357164215817,.660577394317611,0,1,5,1,5,6,4,-1,19,f,6,2,0,0,-2
7405024,US,PI,0,.182375182274764,.276060080139345,0,2,4,2,4,3,3,-2,22,m,4,2,0,0,0
7405069,US,PI,0,.564183053837522,.725214645116432,-1,5,5,1,5,6,5,1,20,f,1,3,0,4,-1
7405069,US,UVA,0,.564183053837522,.725214645116432,1,5,5,1,5,6,5,-1,20,f,1,3,0,4,-1
7405255,US,UVA,0,.0124741863406268,-.547551275882463,0,1,3,1,3,4,4,0,18,m,4,2,0,0,0
7405494,US,UVA,.0078125,.309941350608115,.0153013325194549,0,2,4,1,5,7,2,-3,20,f,5,1,1,1,-5
7405531,US,UVA,0,.547684170276965,.890602384082095,2,3,3,1,5,7,4,-2,25,f,5,1,2,2,-3
7405979,US,PI,0,.873467046869554,-.097667073745374,0,1,4,1,5,7,4,2,21,f,1,1,1,0,-3
7405979,US,UVA,0,.873467046869554,-.097667073745374,0,1,4,1,5,7,4,-2,21,f,1,1,1,0,-3
7408584,US,PI,0,.696466413769509,.843383094048405,2,4,3,2,5,7,6,-2,18,f,1,3,2,2,-1
7411948,US,PI,0,-.260502926155987,-.20896032389453, , , , , , , , ,23,m, , , , , 
7413316,US,PI, , , ,0,1,5,1,5,7,3,-2,24,f,4,1,0,0,-4
7414972,US,PI,0,.57931047316282, ,1,2,2,1,4,6,5,-2,27,f,1,2,2,1,-1
7419769,US,PI,.0078125,-.263930175228198,.551632591070827,0,1,5,1,5,7,4,3,17,f,1,2,0,0,-3
7419769,US,UVA,.0078125,-.263930175228198,.551632591070827,0,1,5,1,5,7,4,-3,17,f,1,2,0,0,-3
7420780,US,UVA,0,.814572286290655,.511568422881062,1,2,3,2,4,6,5,-2,19,m,1,2,1,0,-1
7420855,US,UVA,0,.742731457977141,-.557957049037204,1,1,4,1,5,7,5,2,20,f,4,2,1,0,-2
7421176,US,PI,0,.903668943383126,.299300474347181,2,1,3,1,4,6,6,-2,27,m,4,2,1,0,0
7421468,US,PI,0,.565112342484491,.794513412430538,2,2,3,2,4,7,3,-1,24,f,5,3,1,0,-4
7422828,US,PI,0,-.569042885321325,.155630466704284,0,2,3,2,5,6,3,-2,18,m,4,3,2,0,-3
7423233,US,PI,0,.736805095219548,.245173927866268,0,2,4,2,5,4,4,-2,26,f,4,1,1,0,0
7426082,US,PI,0,.302101766282444,.532316258653257,2,2,4,2,4,7,6,-3,21,f,2,3,0,0,-1
7432447,US,PI,0,.350560804148636,.270736684870413,0,1,4,3,3,7,4,-2,24,f,4,1,-1,-2,-3
7433013,US,PI,0,-.128362072097476,.541699463548985,1,1,3,1,4,7,3,-2,26,f,4,2,1,0,-4
7434608,US,UVA,.0078125,.0892222705130164,-.166099469744537,1,1,3,1,4,5,5,-2,20,f,4,2,1,0,0
7434669,US,UVA,0,.644671725947673,-.382446254865924,1,3,3,3,3,5,3,-1,19,m,3,2,0,0,-2
7434987,US,PI,.0078125,.828385791460457,1.09992484386378,3,1,3,1,5,7,5,-3,19,f,4,3,2,0,-2
7435267,US,PI,0,.545758183367676,-.375020622960258,0,1,3,1,5,6,6,-1,26,m,4,1,2,0,0
7435534,US,PI,0,.485291774079728,-.406947049411367,1,3,2,3,4,7,3,-3,20,m,5,1,2,0,-4
7435902,US,PI,0,.658540875174378,.421624566896835,1,2,4,1,5,7,6,-2,21,f,4,2,1,1,-1
7436615,US,PI,0,.701234838164832,.957680162639497,2,2,4,1,5,4,4,-1,21,f,4,2,1,1,0
7436641,US,PI,.015625,.695665056705093,.715411741724679,-1,2,2,1,3,5,3,1,19,f,76,4,1,1,-2
7437904,US,PI,0,-.150422134657357,-.965953788694974,1,2,4,2,4,6,5,-3,27,f,5,1,0,0,-1
7439697,US,PI,0,-.440136541472863,.181119539549725,-1,3,3,2,5,7,2,3,18,m,76,3,2,1,-5
7440016,US,UVA,0,.444790891643477,-.362089575087677,1,1,4,1,5,5,6,0, ,m,4,2,1,0,1
7440927,US,PI,0,.810602159082095,.288122707038985,1,1,2,1,4,7,5,-2,27,f,5,1,2,0,-2
7442222,US,PI,0,.995089933467126,.837068288934589,1,2,3,1,3,5,3,-1,27,f,4,1,0,1,-2
7445203,US,PI,0,.238967433648978,.0663021918229514,1,1,3,1,5,7,5,-1,19,f,1,2,2,0,-2
7445292,US,PI,0,-.516325058644773,-.388909761442493,0,2,5,1,4,4,3,-1,21,m,3,1,-1,1,-1
7446589,US,PI,0,.605897575278824,.687262624385496,1,1,5,1,5,7,7,-2,18,m,4,2,0,0,0
7448162,US,PI, , , ,-2,5,5,5,5,7,4,2,20,f,16,4,0,0,-3
7449705,US,PI,0,.477711420946465,-.317272851520695,0,1,3,1,4,5,4,0,21,m,4,1,1,0,-1
7450238,US,UVA,0,.256105247742138,.0864693988244388,1,2,2,1,4,5,3,-2,20,f,6,3,2,1,-2
7450320,US,UVA,0,.0209753228058018,.262284994023677,2,2,4,1,5,6,3,-2,21,f,1,3,1,1,-3
7450385,US,UVA,0,.227195588052288,-.28662122807247,1,2,4,1,4,7,5,-2,19,f,3,1,0,1,-2
7451121,US,UVA,0,.641699007618551,.969714589968063,1,2,4,1,5,6,2,-3,19,f,4,3,1,1,-4
7451244,US,UVA,.015625,.850854246564701,.686607631554945,2,1,1,1,5,7,5,-1,20,f,1,3,4,0,-2
7451357,US,UVA,0,.744967877631178,.606278037015571,2,2,3,1,4,7,5,-3,21,m,1,3,1,1,-2
7451709,US,PI,0,.702912671897364,.288414537221218,0,1,4,1,4,6,2,-2,23,m,4,2,0,0,-4
7453348,US,PI,0,.271571520126715,.456407384177623,0,1,5,1,5,6,6,-1,24,f,4,1,0,0,0
7453417,US,PI,.0078125,.41460362274551,.180552846920203,2,1,4,1,5,7,5,-1,22,m,4,3,1,0,-2
7455543,US,PI,0,.652041226771842,.0854560053083128,2,5,5,5,5,6,3,-1,24,m,5,1,0,0,-3
7456118,US,PI,.015625,.421225246916099,-.144406151533936,3,2,3,1,5,7,5,-3,18,m,1,2,2,1,-2
7456361,US,PI,.0078125,.539675106003153,.603784884072229,2,4,3,2,5,7,3,-2,27,f,4,2,2,2,-4
7458461,US,PI,0,.297703541908664,-.747645521307818,2,1,3,1,4,3,4,-2,18,f,4,2,1,0,1
7460610,US,PI,0,.305692776536967,-.394450486856628,1,2,4,1,5,7,3,-2,19,f,1,3,1,1,-4
7460688,US,PI,0,.751714183219956,-.261870710810105, , , , , , , , ,25,f, , , , , 
7464140,US,PI,0,.139837592590569,.318567217969415,0,1,4,1,4,6,6,0,24,f,4,2,0,0,0
7464373,US,PI,0,-.356408459442219,-.402915405547227,0,3,3,3,3,4,4,0,23,m,4,1,0,0,0
7465359,US,PI,0,.974423766283367,.563418318061272,0,1,1,1,4,6,3,-1,21,f,4,1,3,0,-3
